id,fojas,fecha,beneficiario,tipo,lugar,observaciones
M13-01,17v–18r,1583-11-12,Herederos de Antonio Gómez Corona,Sitio de estancia de ganado mayor,"Sierra de Aguarnato o de la Gavia, en términos de Yuririapúndaro.",
M13-02,18r–18v,1583-11-12,Juan Gómez Corona,Sitio de estancia de ganado mayor,"Fuentezuelas, cerca del camino de Santa María a Corralejo y Celaya.","Comienza a media foja 18r, después de la merced anterior."
M13-03,26r–26v,1583-11-16,Hernando de la Vega,Sitio de estancia de ganado mayor,Potrero entre el río Grande de Toluca y el río que llega de Celaya.,
M13-04,29v–30r,1583-11-23,Juan de Illanes,"Sitio, herido de agua y cuatro caballerías",Ingenio de azúcar con agua para riego en términos de Yuririapúndaro.,Testimonio posterior fechado en 1620 al margen de 29v.
M13-05,49v–50r,1583-12-29,Francisco Pérez,Sitio de ganado mayor y dos caballerías,Términos de Yuririapúndaro.,
M13-06,63v–64r,1584-02-18,Alonso Rebollar,Cuatro caballerías de tierra,Términos de Yuririapúndaro.,Anotación marginal: «no pasó esta merced»; consta otra formulación en 70v–71r.
M13-07,65v–66v,1584-02-27,Juan de Molina,Cuatro caballerías de tierra,Términos de Yuririapúndaro.,
M13-08,70v–71r,1584-03-13,Alonso Rebollar,Cuatro caballerías de tierra y agua,"Agua del río Simoc de Acámbaro, en términos de Yuririapúndaro.",Relacionada con la versión marcada «no pasó» de 63v–64r.
M13-09,74r–74v,1584-04-16,Félix de Robles,Sitio de estancia de ganado mayor,Términos de Yuririapúndaro.,
M13-10,80r–80v,1584-05-08,Pedro Téllez de Fonseca,Cuatro caballerías de tierra,"Guacindeo, en las proximidades del río Grande.",
M13-11,81r–81v,1584-05-11,Comunidad de Acámbaro,Sitio de ganado menor y cuatro caballerías,Merced para bienes propios; diligencias con intervención de la jurisdicción de Yuririapúndaro.,
M13-12,88v–89r,1584-06-18,Fernando de Cartagena,Sitio de estancia de ganado mayor,Términos de Yuririapúndaro.,
M13-13,98r–98v,1584-07-24,Bartolomé de Entrambasaguas,Dos caballerías de tierra,Términos de Yuririapúndaro.,Otra merced al mismo nombre para una venta en 222v–223r.
M13-14,103r–104r,1584-08-23,Luis Ponce de León,"Sitio de ingenio, herido de molino y veinte caballerías","Términos de Yuririapúndaro y Guacindeo, junto a tierras del convento y río Grande.",Hay constancia de testimonio posterior de 1615 en 103r.
M13-15,110v–112r,1584-09-11,Lope de Palacio,"Sitio de ingenio, herido de molino y veinte caballerías","Guacindeo y llanos de Maravatío, en términos de Yuririapúndaro.",
M13-16,162v–163r,1585-08-30,Alonso de Herrera Mesía,Cuatro caballerías y aprovechamiento de agua,Incluye saca de agua del río de Acámbaro.,La foja 162v registra también una licencia o testimonio de 1597.
M13-17,204r,s. f. en foja disponible,Álvaro de Ordaz,Sitio de estancia de ganado mayor,Términos de Yuririapúndaro.,Se conserva una sola cara en la carpeta; el texto queda interrumpido antes de la fecha final.
M13-18,212r–212v,1586-02-12,Pedro Flores,Sitio de estancia de ganado menor,Términos de Yuririapúndaro.,
M13-19,222v–223r,1586-05-06,Bartolomé de Entrambasaguas,Sitio para venta,Términos de Yuririapúndaro.,Diferente de sus dos caballerías de 1584.
