id,archivo_repo,ruta_origen_relativa,institucion,fondo_serie,signatura,fecha_documento,fojas,titulo_asunto,metodo_version,estado_cotejo,estado_derechos,fuente_en_linea,transcriptor,observaciones
AGN_GralPte_v001_exp91,transcripciones/AGN/General_de_Parte/AGN_GralPte_v001_exp91.txt,AGN_Documentos/AGN_GralPte/AGN_GralPte_v001/AGN_GralPte_v001_exp91/AGN_GralPte_v001_exp91.txt,Archivo General de la Nación (México),General de Parte,v001 / exp. 91,1575-09-07,17v–18r,Mandamiento para que pescadores macehuales de Toluca mantengan el aprovechamiento habitual de ríos y lagunas.,TXT de la unidad disponible en la carpeta,no verificado en esta selección,pendiente de revisión para difusión pública,,,
AGN_GralPte_v001_exp390,transcripciones/AGN/General_de_Parte/AGN_GralPte_v0001_exp390_HTR.txt,AGN_Documentos/AGN_GralPte/AGN_GralPte_v001/AGN_GralPte_v001_exp390/AGN_GralPte_v0001_exp390_HTR.txt,Archivo General de la Nación (México),General de Parte,v001 / exp. 390,1575-12-06,87r,"Pedimento de los naturales de Yuririapúndaro para aplicar la ordenanza de agostaderos, retirar ganados y pagar daños en sementeras.",Versión HTR en TXT,no verificado en esta selección,pendiente de revisión para difusión pública,,,"La ficha PDF guardada como exp. 391 parece describir este texto, no el 391 transcrito."
AGN_GralPte_v001_exp391,transcripciones/AGN/General_de_Parte/AGN_GralPte_v0001_exp391_HTR.txt,AGN_Documentos/AGN_GralPte/AGN_GralPte_v001/AGN_GralPte_v001_exp391/AGN_GralPte_v0001_exp391_HTR.txt,Archivo General de la Nación (México),General de Parte,v001 / exp. 391,1575-12-06,87r–87v,Petición de Martín López Mellado para aplicar la ordenanza de agostaderos sin sancionar el tránsito de su ganado hacia las estancias.,Versión HTR en TXT,no verificado en esta selección,pendiente de revisión para difusión pública,,,La ficha PDF del exp. 391 describe a los naturales de Yuririapúndaro; contrasta con el TXT de esta carpeta.
AGN_GralPte_v001_exp1059,transcripciones/AGN/General_de_Parte/AGN_GralPte_v001_exp1059_HTR.txt,AGN_Documentos/AGN_GralPte/AGN_GralPte_v001/AGN_GralPte_v001_exp1059/AGN_GralPte_v001_exp1059_HTR.txt,Archivo General de la Nación (México),General de Parte,v001 / exp. 1059,1576-06-08,199v–200r,Preferencia del mandamiento de Marcos Farfán frente al de Juan de Valderrama para visitar una venta y una barca en el río Grande.,Versión HTR en TXT,no verificado en esta selección,pendiente de revisión para difusión pública,,,
AGN_GralPte_v001_exp1118,transcripciones/AGN/General_de_Parte/AGN_GralPte_v001_exp1118_HTR.txt,AGN_Documentos/AGN_GralPte/AGN_GralPte_v001/AGN_GralPte_v001_exp1118/AGN_GralPte_v001_exp1118_HTR.txt,Archivo General de la Nación (México),General de Parte,v001 / exp. 1118,1576-07-07,212r–212v,"Suspensión de la solicitud de Farfán sobre venta y barca; confirmación de la posesión de la comunidad indígena, condicionada al servicio.",Versión HTR en TXT,no verificado en esta selección,pendiente de revisión para difusión pública,,,
AGN_GralPte_v001_exp1119,transcripciones/AGN/General_de_Parte/AGN_GralPte_v001_exp1119_HTR.txt,AGN_Documentos/AGN_GralPte/AGN_GralPte_v001/AGN_GralPte_v001_exp1119/AGN_GralPte_v001_exp1119_HTR.txt,Archivo General de la Nación (México),General de Parte,v001 / exp. 1119,1576-07-07,212v,"Solicitud de informe sobre tres sitios de ganado menor que el hospital y la comunidad dicen tener poblados: Yrechao, Muruio y Maravatío.",Versión HTR en TXT,no verificado en esta selección,pendiente de revisión para difusión pública,,,Comparte imagen de la foja 212v con el exp. 1118.
AGN_GralPte_v002_exp56,transcripciones/AGN/General_de_Parte/AGN_GralPte_v002_exp56_HTR.txt,AGN_Documentos/AGN_GralPte/AGN_GralPte_v002/AGN_GralPte_v002_exp56/AGN_GralPte_v002_exp56_HTR.txt,Archivo General de la Nación (México),General de Parte,v002 / exp. 56,1579-07-16,12v,Orden de permitir a los naturales de Indaparapeo cazar patos y pescar en su laguna conforme a su costumbre.,Versión HTR en TXT,no verificado en esta selección,pendiente de revisión para difusión pública,,,"Caso de Indaparapeo, conservado en este corpus comparativo."
AGN_GralPte_v063_exp262,transcripciones/AGN/General_de_Parte/AGN_GralPte_v063_exp262_HTR.txt,AGN_Documentos/AGN_GralPte/AGN_GralPte_v063/AGN_GralPte_v063_exp262_HTR.txt,Archivo General de la Nación (México),General de Parte,v063 / exp. 262,1782,234r–235v,"Mandamiento para detener la apertura de la laguna de Yuriria y el acueducto hacia la hacienda La Bolsa, ante la queja de vecinos y labradores.",Versión HTR en TXT,no verificado en esta selección,pendiente de revisión para difusión pública,,,"La ficha PDF consignó 1904-11-16; el registro AGN, las referencias y el documento lo sitúan en 1782."
AGN_Indios_v002_exp823,transcripciones/AGN/Indios/AGN_Indios_v002_exp823.txt,AGN_Documentos/AGN_Indios/AGN_Indios_v002/AGN_Indios_v002_exp823/AGN_Indios_v002_exp823.txt,Archivo General de la Nación (México),Indios,v002 / exp. 823,1583,187v–188r,Amparo solicitado por la comunidad de Yuririapúndaro contra ganados de estancias vecinas que dañan pastos y sementeras.,TXT de la unidad disponible en la carpeta,no verificado en esta selección,pendiente de revisión para difusión pública,,,Incluye tres pruebas de transcripción de 188r en DOCX.
AGN_Indios_v002_exp824,transcripciones/AGN/Indios/AGN_Indios_v002_exp824.txt,AGN_Documentos/AGN_Indios/AGN_Indios_v002/AGN_Indios_v002_exp824/AGN_Indios_v002_exp824.txt,Archivo General de la Nación (México),Indios,v002 / exp. 824,1583,188r,Amparo de la estancia de Manona frente a molestias de los naturales de Cuitzeo relativas a tierras y sementeras.,TXT de la unidad disponible en la carpeta,no verificado en esta selección,pendiente de revisión para difusión pública,,,Comparte foja 188r con el exp. 823.
AGN_Indios_v003_exp389,transcripciones/AGN/Indios/AGN_Indios_v003_exp389.txt,AGN_Documentos/AGN_Indios/AGN_Indios_v003/AGN_Indios_v003_exp389.txt,Archivo General de la Nación (México),Indios,v003 / exp. 389,1591,91r,Orden al alcalde mayor de Celaya de retirar las varas de alguacil a Marcos Jerónimo y Juan de Medina en Yuririapúndaro.,TXT de la unidad disponible en la carpeta,no verificado en esta selección,pendiente de revisión para difusión pública,,,Los archivos están directamente en la carpeta del volumen 3.
AGN_Indios_v006_exp44,transcripciones/AGN/Indios/AGN_Indios_v006_exp44.txt,AGN_Documentos/AGN_Indios/AGN_Indios_v006/AGN_Indios_v006_exp44/AGN_Indios_v006_exp44.txt,Archivo General de la Nación (México),Indios,v006 / exp. 44,1592,10v,Queja de tres pescadores indígenas ante la apertura o alteración de la acequia que sale del río Grande de Toluca y afecta su pesquería.,TXT de la unidad disponible en la carpeta,no verificado en esta selección,pendiente de revisión para difusión pública,,,
AGN_Indios_v0006_pte2_exp_389,transcripciones/AGN/Indios/AGN_Indios_v0006_pte2_exp_389.txt,AGN_Documentos/AGN_Indios/AGN_Indios_v006_pte2/AGN_Indios_v0006_pte2_exp_389/export_job_29278560/17575258/AGN_Indios_v0006_pte2_exp_389.txt,Archivo General de la Nación (México),Indios,v0006 / 2.ª parte / exp. 389,1592,87v según ficha; imagen rotulada 88v,Orden para que el teniente de alcalde mayor distribuya el tiempo de su visita entre los pueblos de la jurisdicción.,TXT de la unidad disponible en la carpeta,no verificado en esta selección,pendiente de revisión para difusión pública,,,Discrepancia entre foja 87v de la ficha PDF y 88v del nombre de la imagen.
AGN_Indios_v006_pte2_exp393,transcripciones/AGN/Indios/AGN_Indios_v006_pte2_exp393.txt,AGN_Documentos/AGN_Indios/AGN_Indios_v006_pte2/AGN_Indios_v006_pte2_exp393/AGN_Indios_v006_pte2_exp393.txt,Archivo General de la Nación (México),Indios,v006 / 2.ª parte / exp. 393,1592,88r–88v,Prohibición de exigir servicio personal involuntario a los naturales y de pagarles solo medio real por día.,TXT de la unidad disponible en la carpeta,no verificado en esta selección,pendiente de revisión para difusión pública,,,
AGN_Indios_v010_cuad_2_exp68,transcripciones/AGN/Indios/AGN_Indios_v010_cuad_2_exp68.txt,AGN_Documentos/AGN_Indios/AGN_Indios_v010/AGN_Indios_v010_cuad_2_exp68/AGN_Indios_v010_cuad_2_exp68.txt,Archivo General de la Nación (México),Indios,v010 / cuad. 2 / exp. 68,1631-05-31,223r,Límite al repartimiento de indios de Yuririapúndaro para las minas de Guanajuato según la tasación.,TXT de la unidad disponible en la carpeta,no verificado en esta selección,pendiente de revisión para difusión pública,,,
AGN_Indios_v0013_exp81,transcripciones/AGN/Indios/AGN_Indios_v0013_exp81.txt,AGN_Documentos/AGN_Indios/AGN_Indios_v0013/AGN_Indios_v0013_exp81/export_job_29278685/17514135/AGN_Indios_v0013_exp81.txt,Archivo General de la Nación (México),Indios,v0013 / exp. 81,1640-12-10,72r–72v,Amparo a los naturales para que los ministros de doctrina y justicia no les impidan recibir la renta de la laguna.,TXT de la unidad disponible en la carpeta,no verificado en esta selección,pendiente de revisión para difusión pública,,,
AGN_Indios_v017_exp11,transcripciones/AGN/Indios/AGN_Indios_v017_exp11.txt,AGN_Documentos/AGN_Indios/AGN_Indios_v017/AGN_Indios_v017_exp11/AGN_Indios_v017_exp11.txt,Archivo General de la Nación (México),Indios,v017 / exp. 11,1654,26r–26v según imágenes; 25 según ficha,"Amparo a Francisco Agustín, natural de Salamanca, para que pueda pescar en la laguna de su pueblo y recupere ocho pesos.",TXT de la unidad disponible en la carpeta,no verificado en esta selección,pendiente de revisión para difusión pública,,,"Caso de Salamanca. La ficha PDF indica foja 25, las imágenes 26r–26v."
AGN_Indios_v0029_exp158,transcripciones/AGN/Indios/AGN_Indios_v0029_exp158.txt,AGN_Documentos/AGN_Indios/AGN_Indios_v0029/export_job_30809115/17517258/AGN_Indios_v0029_exp158.txt,Archivo General de la Nación (México),Indios,v0029 / exp. 158,1686-04-03,135r,Solicitud de informes sobre los indios de Yuririapúndaro destinados al repartimiento de las minas de Guanajuato.,TXT de la unidad disponible en la carpeta,no verificado en esta selección,pendiente de revisión para difusión pública,,,Exportación Transkribus ubicada al nivel de la carpeta del volumen 29.
AGN_Indios_v0030_exp89,transcripciones/AGN/Indios/AGN_Indios_v0030_exp89.txt,AGN_Documentos/AGN_Indios/AGN_Indios_v0030/AGN_Indios_v0030_exp89/export_job_29278757/17514944/AGN_Indios_v0030_exp89.txt,Archivo General de la Nación (México),Indios,v0030 / exp. 89,1687-10-25,80r–80v,Licencia al común y naturales de Santiago Numaran para tener una curtiduría de canoas.,TXT de la unidad disponible en la carpeta,no verificado en esta selección,pendiente de revisión para difusión pública,,,"Caso de Santiago Numaran, conservado en este corpus comparativo."
AGN_Mercedes_v0016_exp9,transcripciones/AGN/Mercedes/AGN_Mercedes_v0016_exp9.txt,AGN_Documentos/AGN_Mercedes/AGN_Mercedes_v0016/AGN_Mercedes_v0016_exp9/export_job_29821976/17621963/AGN_Mercedes_v0016_exp9.txt,Archivo General de la Nación (México),Mercedes,v0016 / exp. 9,s. f. en extracto,3r–3v,"Mandamiento para examinar la petición de don Pedro Pío, gobernador indígena de Yuririapúndaro, de una estancia de ganado menor junto a Maravatío.",TXT de la unidad disponible en la carpeta,no verificado en esta selección,pendiente de revisión para difusión pública,,,"El texto remite a «dicho día, mes y año» sin copiar la fecha previa."
AGN_Mercedes_v0016_exp16,transcripciones/AGN/Mercedes/AGN_Mercedes_v0016_exp16.txt,AGN_Documentos/AGN_Mercedes/AGN_Mercedes_v0016/AGN_Mercedes_v0016_exp16/export_job_29822063/17622088/AGN_Mercedes_v0016_exp16.txt,Archivo General de la Nación (México),Mercedes,v0016 / exp. 16,1590-04-09,4v,Mandamiento para reconocer dos caballerías de tierra y agua de riego solicitadas por Juan Ochoa de Alzola desde el río Grande de Toluca.,TXT de la unidad disponible en la carpeta,no verificado en esta selección,pendiente de revisión para difusión pública,,,
AGN_Mercedes_v0016_exp53,transcripciones/AGN/Mercedes/AGN_Mercedes_v0016_exp53.txt,AGN_Documentos/AGN_Mercedes/AGN_Mercedes_v0016/AGN_Mercedes_v0016_exp53/export_job_29822137/17622315/AGN_Mercedes_v0016_exp53.txt,Archivo General de la Nación (México),Mercedes,v0016 / exp. 53,1590-04-30,15v–16r,Merced a Juan Ochoa de Alzola de dos heridos de molino en la acequia del convento y comunidad de Yuririapúndaro.,TXT de la unidad disponible en la carpeta,no verificado en esta selección,pendiente de revisión para difusión pública,,,
AGN_Mercedes_v0016_exp74,transcripciones/AGN/Mercedes/AGN_Mercedes_v0016_exp74.txt,AGN_Documentos/AGN_Mercedes/AGN_Mercedes_v0016/AGN_Mercedes_v0016_exp74/export_job_29822199/17622316/AGN_Mercedes_v0016_exp74.txt,Archivo General de la Nación (México),Mercedes,v0016 / exp. 74,1590-05-15,21v–22r,"Merced de un sitio de pesquería a Hernán Gutiérrez en la laguna de Chapala, con reserva del aprovechamiento indígena.",TXT de la unidad disponible en la carpeta,no verificado en esta selección,pendiente de revisión para difusión pública,,,Caso de Chapala; el encabezado menciona un testimonio sacado en 1766.
AGN_Mercedes_v0016_exp85,transcripciones/AGN/Mercedes/AGN_Mercedes_v0016_exp85.txt,AGN_Documentos/AGN_Mercedes/AGN_Mercedes_v0016/AGN_Mercedes_v0016_exp85/export_job_29822248/17622375/AGN_Mercedes_v0016_exp85.txt,Archivo General de la Nación (México),Mercedes,v0016 / exp. 85,s. f. en extracto,24r,"Mandamiento para examinar la petición de don Francisco, indígena de Yuririapúndaro, de estancia y dos caballerías junto a Guáscuaro.",TXT de la unidad disponible en la carpeta,no verificado en esta selección,pendiente de revisión para difusión pública,,,"El texto remite a «dicho día, mes y año» sin copiar la fecha previa."
AGN_Tierras_v294_exp1,transcripciones/AGN/Tierras/AGN_Tierras_v294_exp1.txt,AGN_Documentos/AGN_Tierras/AGN_Tierras_v294_exp1/export_job_29822347/17371416/AGN_Tierras_v294_exp1.txt,Archivo General de la Nación (México),Tierras,v294 / exp. 1,1713–1733,437 fojas según ficha,"Pleito de los naturales de Yuririapúndaro y catorce sujetos contra el convento agustino por tierras de Catzacuarán, la ciénega de Guanyuecho y ranchos de Cepio y Poruyo.",TXT de la unidad disponible en la carpeta,no verificado en esta selección,pendiente de revisión para difusión pública,,,Las 230 imágenes locales no equivalen a las 437 fojas descritas por el AGN.
AGN_Tierras_v2680_exp27,transcripciones/AGN/Tierras/AGN_Tierras_v2680_exp27.txt,AGN_Documentos/AGN_Tierras/AGN_Tierras_v2680/AGN_Tierras_v2680_exp27/export_job_29278345/17501815/AGN_Tierras_v2680_exp27.txt,Archivo General de la Nación (México),Tierras,v2680 / exp. 27,1591,334–338v,"Petición de Diego del Águila, cacique y gobernador de Acámbaro, de dos estancias de ganado menor y tres caballerías cerca del río Grande.",TXT de la unidad disponible en la carpeta,no verificado en esta selección,pendiente de revisión para difusión pública,,,El catálogo indica un mapa en el expediente.
AGN_Tierras_v2680_exp28,transcripciones/AGN/Tierras/AGN_Tierras_v2680_exp28.txt,AGN_Documentos/AGN_Tierras/AGN_Tierras_v2680/AGN_Tierras_v2680_exp28/export_job_29278471/17511477/AGN_Tierras_v2680_exp28.txt,Archivo General de la Nación (México),Tierras,v2680 / exp. 28,1591,339–344v,"Petición de Diego Vázquez, principal de Cámbaro, de una estancia y dos caballerías junto al río Grande y la estancia del hospital de los tarascos.",TXT de la unidad disponible en la carpeta,no verificado en esta selección,pendiente de revisión para difusión pública,,,
AGN_Tierras_v2682_exp19,transcripciones/AGN/Tierras/AGN_Tierras_v2682_exp19.txt,AGN_Documentos/AGN_Tierras/AGN_Tierras_v2682/AGN_Tierras_v2682_exp19/export_job_30617949/17579242/AGN_Tierras_v2682_exp19.txt,Archivo General de la Nación (México),Tierras,v2682 / exp. 19,1590–1591,312–339v,"Diligencias de Pablo de Cisneros para dos estancias de ganado menor entre Tarímbaro, Puruándiro, Cuitzeo y Yuririapúndaro.",TXT de la unidad disponible en la carpeta,no verificado en esta selección,pendiente de revisión para difusión pública,,,El catálogo indica mapa acuarelado.
AGN_Tierras_v2769_exp2,transcripciones/AGN/Tierras/AGN_Tierras_v2769_exp2.txt,AGN_Documentos/AGN_Tierras/AGN_Tierras_v2769/AGN_Tierras_v2769_exp2/export_job_29822594/15681725/AGN_Tierras_v2769_exp2.txt,Archivo General de la Nación (México),Tierras,v2769 / exp. 2,1590,12–19v,Petición de vecinos de Querétaro para construir un puente sobre el río Grande en términos de Acámbaro y pasar ganado hacia agostaderos de Michoacán.,TXT de la unidad disponible en la carpeta,no verificado en esta selección,pendiente de revisión para difusión pública,,,
AGN_Tierras_v2782_exp22,transcripciones/AGN/Tierras/AGN_Tierras_v2782_exp22.txt,AGN_Documentos/AGN_Tierras/AGN_Tierras_v2782/AGN_Tierras_v2782_exp22/export_job_29425372/17575199/AGN_Tierras_v2782_exp22.txt,Archivo General de la Nación (México),Tierras,v2782 / exp. 22,1590,223–227v,Petición de Catalina Gutiérrez de dos sitios de ganado mayor en Laguna Seca y al pie del cerro de Tarecandácuro.,TXT de la unidad disponible en la carpeta,no verificado en esta selección,pendiente de revisión para difusión pública,,,Incluye dos notas de toponimia purépecha y un mapa interactivo en archivos de apoyo.
AGN_Tierras_v2782_exp23,transcripciones/AGN/Tierras/AGN_Tierras_v2782_exp23.txt,AGN_Documentos/AGN_Tierras/AGN_Tierras_v2782/AGN_Tierras_v2782_exp23/export_job_30616999/17578196/AGN_Tierras_v2782_exp23.txt,Archivo General de la Nación (México),Tierras,v2782 / exp. 23,1595 según ficha; 1590 en TXT,228–234v,Petición de Antonio Ibarra de una estancia de ganado menor y seis caballerías cerca de Taramareo y Santa Marta.,TXT de la unidad disponible en la carpeta,no verificado en esta selección,pendiente de revisión para difusión pública,,,La ficha cataloga 1595; el encabezado de la transcripción local dice 1590. Requiere cotejo interno.
AGN_Tierras_v2782_exp26,transcripciones/AGN/Tierras/AGN_Tierras_v2782_exp26.txt,AGN_Documentos/AGN_Tierras/AGN_Tierras_v2782/AGN_Tierras_v2782_exp26/export_job_30617549/17573157/AGN_Tierras_v2782_exp26.txt,Archivo General de la Nación (México),Tierras,v2782 / exp. 26,1590,264–266v y 277,"Petición de Alonso Atapa, principal de Yuririapúndaro, de estancia y dos caballerías en el valle del Moro.",TXT de la unidad disponible en la carpeta,no verificado en esta selección,pendiente de revisión para difusión pública,,,El catálogo indica que continúa después del exp. 27; las imágenes de la carpeta cubren siete caras.
AGN_Tierras_v2782_exp28,transcripciones/AGN/Tierras/AGN_Tierras_v2782_exp28.txt,AGN_Documentos/AGN_Tierras/AGN_Tierras_v2782/AGN_Tierras_v2782_exp28/export_job_30617662/17574018/AGN_Tierras_v2782_exp28.txt,Archivo General de la Nación (México),Tierras,v2782 / exp. 28,1590,282–286v,Petición de Juan Gutiérrez de Medina de estancia junto a tierras de Catalina Gutiérrez.,TXT de la unidad disponible en la carpeta,no verificado en esta selección,pendiente de revisión para difusión pública,,,
AGN_Tierras_v2809_exp14,transcripciones/AGN/Tierras/AGN_Tierras_v2809_exp14.txt,AGN_Documentos/AGN_Tierras/AGN_Tierras_v2809/AGN_Tierras_v2809_exp14/export_job_28363013/9590217/AGN_Tierras_v2809_exp14.txt,Archivo General de la Nación (México),Tierras,v2809 / exp. 14,1587–1589,196–205v,Diligencias de Alonso Pérez Bocanegra a petición de Luis Palao por una estancia de ganado menor en términos de Yuririapúndaro.,TXT de la unidad disponible en la carpeta,no verificado en esta selección,pendiente de revisión para difusión pública,,,Incluye mapa con la acequia y el molino del convento.
AGN_Tierras_v2972_exp40,transcripciones/AGN/Tierras/AGN_Tierras_v2972_exp40.txt,AGN_Documentos/AGN_Tierras/AGN_Tierras_v2972/AGN_Tierras_v2972_exp40/export_job_29822973/15667044/AGN_Tierras_v2972_exp40.txt,Archivo General de la Nación (México),Tierras,v2972 / exp. 40,1791-04-12,150–153v,Real provisión por la destrucción de presas en el río Grande que abastecían acueductos de haciendas agustinas de Salvatierra.,TXT de la unidad disponible en la carpeta,no verificado en esta selección,pendiente de revisión para difusión pública,,,
AGN_Tierras_v3331_exp21,transcripciones/AGN/Tierras/AGN_Tierras_v3331_exp21.txt,AGN_Documentos/AGN_Tierras/AGN_Tierras_v3331/AGN_Tierras_v3331_exp21/export_job_29823021/15681851/AGN_Tierras_v3331_exp21.txt,Archivo General de la Nación (México),Tierras,v3331 / exp. 21,1617 (actuaciones hasta 1619 en TXT),283–296v,"Nombramiento de Pedro del Castillo como escribano y diligencias en un ojo de agua del valle de Tarimoro, próximo al río Grande.",TXT de la unidad disponible en la carpeta,no verificado en esta selección,pendiente de revisión para difusión pública,,,El catálogo indica un plano; la transcripción incluye actuaciones posteriores a la fecha principal de la ficha.
AGN_Mercedes_v0013,transcripciones/AGN/Mercedes/AGN_Mercedes_v0013.txt,AGN_Documentos/AGN_Mercedes/AGN_Mercedes_v0013/export_job_30809368/17676026/AGN_Mercedes_v0013.txt,Archivo General de la Nación (México),Mercedes,v0013,1583–1586,véase indice_mercedes_vol13.csv,Selección de mercedes del volumen 13; 19 piezas identificadas en el índice.,Exportación TXT conjunta por volumen,no verificado en esta selección,pendiente de revisión para difusión pública,,,Un TXT conjunto para 19 piezas; el índice no representa 19 archivos individuales.
AHN_Visita_del_obispo_de_Michoacán_en_la_provincia_(1636),transcripciones/AHN/Visita_del_obispo_de_Michoacán_en_la_provincia_(1636).txt,Manuscritos/AHN/Visita a Michoacan 1636/export_job_29278035/1724935/Visita_del_obispo_de_Michoacán_en_la_provincia_(1636).txt,Archivo Histórico Nacional (España),Carta episcopal en AHN,,1636-02-19,,Carta de Francisco de Ribera fechada en Valladolid.,Exportación TXT de Transkribus,no verificado en esta selección,pendiente de revisión para difusión pública,,,Carta de Francisco de Ribera; ubicada en carpeta Visita a Michoacan 1636.
AGI_Mechoacan_(Yurirapundaro),transcripciones/AGI/Mechoacan_(Yurirapundaro).txt,"Manuscritos/AGI/Relación de pueblos de Nueva España cuya doctrina está a cargo de la Orden de San Agustín hechas por orden del visitador, Juan de Ov/export_job_30220000/1724751/Mechoacan_(Yurirapundaro).txt",Archivo General de Indias,"AGI, relación de Yuririapúndaro",,1571-03,,"Noticia del convento, religiosos y doctrina; suscrita por fray Diego de Chávez.",Exportación TXT de Transkribus,no verificado en esta selección,pendiente de revisión para difusión pública,,,Difiere levemente del TXT de Versiones HTR.
AGI_Mechoacan_(Guayangareo),transcripciones/AGI/Mechoacan_(Guayangareo).txt,"Manuscritos/AGI/Relación de pueblos de Nueva España cuya doctrina está a cargo de la Orden de San Agustín hechas por orden del visitador, Juan de Ov/export_job_30218785/1724699/Mechoacan_(Guayangareo).txt",Archivo General de Indias,"AGI, relación de Guayangareo",,c. 1571,,Noticia del convento de Guayangareo y sus sujetos.,Exportación TXT de Transkribus,no verificado en esta selección,pendiente de revisión para difusión pública,,,
AGI_Mechoacan_(Cuiseo),transcripciones/AGI/Mechoacan_(Cuiseo).txt,"Manuscritos/AGI/Relación de pueblos de Nueva España cuya doctrina está a cargo de la Orden de San Agustín hechas por orden del visitador, Juan de Ov/export_job_30220723/1724877/Mechoacan_(Cuiseo).txt",Archivo General de Indias,"AGI, relación de Cuitzeo",,1571-02-15,,Noticia de conventos de Cuitzeo y Copándaro; firma Jerónimo Morante.,Exportación TXT de Transkribus,no verificado en esta selección,pendiente de revisión para difusión pública,,,
BNE_BNE_ms3047,transcripciones/BNE/BNE_ms3047.txt,Manuscritos/BNE/Manuscrito 3047_Descripción de todo el obispado de Michoacán/export_job_29277785/1527875/BNE_ms3047.txt,Biblioteca Nacional de España,Descripción de García de Ávalos,ms. 3047,c. 1638,,Descripción de todo el obispado de Michoacán.,Exportación TXT de Transkribus,no verificado en esta selección,pendiente de revisión para difusión pública,,,BNE ms. 3047; otra versión del documento en la raíz.
