categoria,identificador,archivo_o_unidad,ruta_origen_relativa,motivo,accion_pendiente
Unidad AGN sin TXT de conjunto,AGN_Indios_v006_exp421,AGN_Indios_v006_exp421,AGN_Documentos/AGN_Indios/AGN_Indios_v006/AGN_Indios_v006_exp421,No se identificó un TXT asociado a la unidad en el inventario.,Comprobar estado de transcripción y exportar TXT si procede.
Unidad AGN sin TXT de conjunto,AGN_Indios_v006_exp772,AGN_Indios_v006_exp772,AGN_Documentos/AGN_Indios/AGN_Indios_v006/AGN_Indios_v006_exp772,No se identificó un TXT asociado a la unidad en el inventario.,Comprobar estado de transcripción y exportar TXT si procede.
Unidad AGN sin TXT de conjunto,AGN_Tierras_v1403_exp2,AGN_Tierras_v1403_exp2,AGN_Documentos/AGN_Tierras/AGN_Tierras_v1403_exp2,No se identificó un TXT asociado a la unidad en el inventario.,Comprobar estado de transcripción y exportar TXT si procede.
Unidad AGN sin TXT de conjunto,AGN_Tierras_v2675_exp5,AGN_Tierras_v2675_exp5,AGN_Documentos/AGN_Tierras/AGN_Tierras_v2675/AGN_Tierras_v2675_exp5,No se identificó un TXT asociado a la unidad en el inventario.,Comprobar estado de transcripción y exportar TXT si procede.
Unidad AGN sin TXT de conjunto,AGN_Tierras_v2782_exp24,AGN_Tierras_v2782_exp24,AGN_Documentos/AGN_Tierras/AGN_Tierras_v2782/AGN_Tierras_v2782_exp24,No se identificó un TXT asociado a la unidad en el inventario.,Comprobar estado de transcripción y exportar TXT si procede.
Unidad AGN sin TXT de conjunto,AGN_Tierras_v2782_exp25,AGN_Tierras_v2782_exp25,AGN_Documentos/AGN_Tierras/AGN_Tierras_v2782/AGN_Tierras_v2782_exp25,No se identificó un TXT asociado a la unidad en el inventario.,Comprobar estado de transcripción y exportar TXT si procede.
Unidad AGN sin TXT de conjunto,AGN_Tierras_v2943_1pte_exp44,AGN_Tierras_v2943_1pte_exp44,AGN_Documentos/AGN_Tierras/AGN_Tierras_v2943_1pte/AGN_Tierras_v2943_1pte_exp44,No se identificó un TXT asociado a la unidad en el inventario.,Comprobar estado de transcripción y exportar TXT si procede.
Unidad AGN sin TXT de conjunto,AGN_Tierras_v2961_exp104,AGN_Tierras_v2961_exp104,AGN_Documentos/AGN_Tierras/AGN_Tierras_v2961/AGN_Tierras_v2961_exp104,No se identificó un TXT asociado a la unidad en el inventario.,Comprobar estado de transcripción y exportar TXT si procede.
Unidad AGN sin TXT de conjunto,AGN_Tierras_v3509_exp1,AGN_Tierras_v3509_exp1,AGN_Documentos/AGN_Tierras/AGN_Tierras_v3509/AGN_Tierras_v3509_exp1,No se identificó un TXT asociado a la unidad en el inventario.,Comprobar estado de transcripción y exportar TXT si procede.
Edición moderna fuera de la selección,Relaciones geográficas de Michoacán,9_RG_Michoacan - Rene Acuna_RAW.txt,Manuscritos/9_RG_Michoacan - Rene Acuna_RAW.txt,Transcripción de la edición de René Acuña; comprobar derechos de la edición.,"Verificar procedencia, estado textual y derechos antes de ampliar el repositorio."
TXT de procedencia pendiente de cotejo,Carta de Baltasar de Covarrubias,1619_Carta de Baltasar de Covarrubias.txt,Manuscritos/1619_Carta de Baltasar de Covarrubias.txt,"Comprobar vínculo con testimonio, signatura y versión antes de incorporarlo.","Verificar procedencia, estado textual y derechos antes de ampliar el repositorio."
TXT de procedencia pendiente de cotejo,Relación de Ortega Valdivia,1639_Relacion_Ortega_Valdivia.txt,Manuscritos/1639_Relacion_Ortega_Valdivia.txt,"Comprobar vínculo con testimonio, signatura y versión antes de incorporarlo.","Verificar procedencia, estado textual y derechos antes de ampliar el repositorio."
TXT de procedencia pendiente de cotejo,Descripción de García de Ávalos,1638_Descrip_Garcia_de_Avalos.txt,Manuscritos/1638_Descrip_Garcia_de_Avalos.txt,"Comprobar vínculo con testimonio, signatura y versión antes de incorporarlo.","Verificar procedencia, estado textual y derechos antes de ampliar el repositorio."
TXT de procedencia pendiente de cotejo,Demarcación de Ysassy,1649_Demarcación_YSASSY.txt,Manuscritos/1649_Demarcación_YSASSY.txt,"Comprobar vínculo con testimonio, signatura y versión antes de incorporarlo.","Verificar procedencia, estado textual y derechos antes de ampliar el repositorio."
Versión alternativa,"AGI, relación de Guayangareo",Mechoacan_(Guayangareo).txt,"Manuscritos/AGI/Relación de pueblos de Nueva España cuya doctrina está a cargo de la Orden de San Agustín hechas por orden del visitador, Juan de Ov/Versiones HTR/Mechoacan_(Guayangareo).txt",No incluida para evitar duplicar la exportación principal.,"Verificar procedencia, estado textual y derechos antes de ampliar el repositorio."
Versión alternativa,"AGI, relación de Yuririapúndaro",Mechoacan_(Yurirapundaro).txt,"Manuscritos/AGI/Relación de pueblos de Nueva España cuya doctrina está a cargo de la Orden de San Agustín hechas por orden del visitador, Juan de Ov/Versiones HTR/Mechoacan_(Yurirapundaro).txt",No incluida para evitar duplicar la exportación principal.,"Verificar procedencia, estado textual y derechos antes de ampliar el repositorio."
Versión alternativa,"AGI, relación de Cuitzeo",Mechoacan_(Cuiseo).txt,"Manuscritos/AGI/Relación de pueblos de Nueva España cuya doctrina está a cargo de la Orden de San Agustín hechas por orden del visitador, Juan de Ov/Versiones HTR/Mechoacan_(Cuiseo).txt",No incluida para evitar duplicar la exportación principal.,"Verificar procedencia, estado textual y derechos antes de ampliar el repositorio."
Versión alternativa,"AGI, relación de Yuririapúndaro",Michoacan (Yuririapundaro).txt,"Manuscritos/AGI/Relación de pueblos de Nueva España cuya doctrina está a cargo de la Orden de San Agustín hechas por orden del visitador, Juan de Ov/versiones modernizadas/Michoacan (Yuririapundaro).txt",No incluida para evitar duplicar la exportación principal.,"Verificar procedencia, estado textual y derechos antes de ampliar el repositorio."
Versión alternativa,"AGI, relación de Cuitzeo",Michoacan (Cuitzeo).txt,"Manuscritos/AGI/Relación de pueblos de Nueva España cuya doctrina está a cargo de la Orden de San Agustín hechas por orden del visitador, Juan de Ov/versiones modernizadas/Michoacan (Cuitzeo).txt",No incluida para evitar duplicar la exportación principal.,"Verificar procedencia, estado textual y derechos antes de ampliar el repositorio."
Versión alternativa,"AGI, relación de Guayangareo",Michoacan (Guayangareo).txt,"Manuscritos/AGI/Relación de pueblos de Nueva España cuya doctrina está a cargo de la Orden de San Agustín hechas por orden del visitador, Juan de Ov/versiones modernizadas/Michoacan (Guayangareo).txt",No incluida para evitar duplicar la exportación principal.,"Verificar procedencia, estado textual y derechos antes de ampliar el repositorio."
OCR de edición digital fuera de la selección,Historia de la provincia de San Nicolás de Tolentino,1080027706_40_unlocked.txt,Manuscritos/Colección Digital UANL/Basalenque_Historia/Libro Segundo/1080027706_40_unlocked.txt,Revisar condiciones de reutilización de la digitalización UANL y procedencia del OCR.,"Verificar procedencia, estado textual y derechos antes de ampliar el repositorio."
OCR de edición digital fuera de la selección,Historia de la provincia de San Nicolás de Tolentino,1080027706_59_unlocked.txt,Manuscritos/Colección Digital UANL/Basalenque_Historia/Libro Segundo/1080027706_59_unlocked.txt,Revisar condiciones de reutilización de la digitalización UANL y procedencia del OCR.,"Verificar procedencia, estado textual y derechos antes de ampliar el repositorio."
OCR de edición digital fuera de la selección,Historia de la provincia de San Nicolás de Tolentino,1080027706_44_unlocked.txt,Manuscritos/Colección Digital UANL/Basalenque_Historia/Libro Segundo/1080027706_44_unlocked.txt,Revisar condiciones de reutilización de la digitalización UANL y procedencia del OCR.,"Verificar procedencia, estado textual y derechos antes de ampliar el repositorio."
OCR de edición digital fuera de la selección,Historia de la provincia de San Nicolás de Tolentino,1080027706_51_unlocked.txt,Manuscritos/Colección Digital UANL/Basalenque_Historia/Libro Segundo/1080027706_51_unlocked.txt,Revisar condiciones de reutilización de la digitalización UANL y procedencia del OCR.,"Verificar procedencia, estado textual y derechos antes de ampliar el repositorio."
OCR de edición digital fuera de la selección,Historia de la provincia de San Nicolás de Tolentino,1080027706_48_unlocked.txt,Manuscritos/Colección Digital UANL/Basalenque_Historia/Libro Segundo/1080027706_48_unlocked.txt,Revisar condiciones de reutilización de la digitalización UANL y procedencia del OCR.,"Verificar procedencia, estado textual y derechos antes de ampliar el repositorio."
OCR de edición digital fuera de la selección,Historia de la provincia de San Nicolás de Tolentino,1080027706_61_unlocked.txt,Manuscritos/Colección Digital UANL/Basalenque_Historia/Libro Segundo/1080027706_61_unlocked.txt,Revisar condiciones de reutilización de la digitalización UANL y procedencia del OCR.,"Verificar procedencia, estado textual y derechos antes de ampliar el repositorio."
OCR de edición digital fuera de la selección,Historia de la provincia de San Nicolás de Tolentino,1080027706_55_unlocked.txt,Manuscritos/Colección Digital UANL/Basalenque_Historia/Libro Segundo/1080027706_55_unlocked.txt,Revisar condiciones de reutilización de la digitalización UANL y procedencia del OCR.,"Verificar procedencia, estado textual y derechos antes de ampliar el repositorio."
OCR de edición digital fuera de la selección,Historia de la provincia de San Nicolás de Tolentino,1080027706_56_unlocked.txt,Manuscritos/Colección Digital UANL/Basalenque_Historia/Libro Segundo/1080027706_56_unlocked.txt,Revisar condiciones de reutilización de la digitalización UANL y procedencia del OCR.,"Verificar procedencia, estado textual y derechos antes de ampliar el repositorio."
OCR de edición digital fuera de la selección,Historia de la provincia de San Nicolás de Tolentino,1080027706_62_unlocked.txt,Manuscritos/Colección Digital UANL/Basalenque_Historia/Libro Segundo/1080027706_62_unlocked.txt,Revisar condiciones de reutilización de la digitalización UANL y procedencia del OCR.,"Verificar procedencia, estado textual y derechos antes de ampliar el repositorio."
OCR de edición digital fuera de la selección,Historia de la provincia de San Nicolás de Tolentino,1080027706_52_unlocked.txt,Manuscritos/Colección Digital UANL/Basalenque_Historia/Libro Segundo/1080027706_52_unlocked.txt,Revisar condiciones de reutilización de la digitalización UANL y procedencia del OCR.,"Verificar procedencia, estado textual y derechos antes de ampliar el repositorio."
OCR de edición digital fuera de la selección,Historia de la provincia de San Nicolás de Tolentino,1080027706_47_unlocked.txt,Manuscritos/Colección Digital UANL/Basalenque_Historia/Libro Segundo/1080027706_47_unlocked.txt,Revisar condiciones de reutilización de la digitalización UANL y procedencia del OCR.,"Verificar procedencia, estado textual y derechos antes de ampliar el repositorio."
OCR de edición digital fuera de la selección,Historia de la provincia de San Nicolás de Tolentino,1080027706_43_unlocked.txt,Manuscritos/Colección Digital UANL/Basalenque_Historia/Libro Segundo/1080027706_43_unlocked.txt,Revisar condiciones de reutilización de la digitalización UANL y procedencia del OCR.,"Verificar procedencia, estado textual y derechos antes de ampliar el repositorio."
OCR de edición digital fuera de la selección,Historia de la provincia de San Nicolás de Tolentino,1080027706_45_unlocked.txt,Manuscritos/Colección Digital UANL/Basalenque_Historia/Libro Segundo/1080027706_45_unlocked.txt,Revisar condiciones de reutilización de la digitalización UANL y procedencia del OCR.,"Verificar procedencia, estado textual y derechos antes de ampliar el repositorio."
OCR de edición digital fuera de la selección,Historia de la provincia de San Nicolás de Tolentino,1080027706_58_unlocked.txt,Manuscritos/Colección Digital UANL/Basalenque_Historia/Libro Segundo/1080027706_58_unlocked.txt,Revisar condiciones de reutilización de la digitalización UANL y procedencia del OCR.,"Verificar procedencia, estado textual y derechos antes de ampliar el repositorio."
OCR de edición digital fuera de la selección,Historia de la provincia de San Nicolás de Tolentino,1080027706_41_unlocked.txt,Manuscritos/Colección Digital UANL/Basalenque_Historia/Libro Segundo/1080027706_41_unlocked.txt,Revisar condiciones de reutilización de la digitalización UANL y procedencia del OCR.,"Verificar procedencia, estado textual y derechos antes de ampliar el repositorio."
OCR de edición digital fuera de la selección,Historia de la provincia de San Nicolás de Tolentino,1080027706_54_unlocked.txt,Manuscritos/Colección Digital UANL/Basalenque_Historia/Libro Segundo/1080027706_54_unlocked.txt,Revisar condiciones de reutilización de la digitalización UANL y procedencia del OCR.,"Verificar procedencia, estado textual y derechos antes de ampliar el repositorio."
OCR de edición digital fuera de la selección,Historia de la provincia de San Nicolás de Tolentino,1080027706_60_unlocked.txt,Manuscritos/Colección Digital UANL/Basalenque_Historia/Libro Segundo/1080027706_60_unlocked.txt,Revisar condiciones de reutilización de la digitalización UANL y procedencia del OCR.,"Verificar procedencia, estado textual y derechos antes de ampliar el repositorio."
OCR de edición digital fuera de la selección,Historia de la provincia de San Nicolás de Tolentino,1080027706_49_unlocked.txt,Manuscritos/Colección Digital UANL/Basalenque_Historia/Libro Segundo/1080027706_49_unlocked.txt,Revisar condiciones de reutilización de la digitalización UANL y procedencia del OCR.,"Verificar procedencia, estado textual y derechos antes de ampliar el repositorio."
OCR de edición digital fuera de la selección,Historia de la provincia de San Nicolás de Tolentino,1080027706_64_unlocked.txt,Manuscritos/Colección Digital UANL/Basalenque_Historia/Libro Segundo/1080027706_64_unlocked.txt,Revisar condiciones de reutilización de la digitalización UANL y procedencia del OCR.,"Verificar procedencia, estado textual y derechos antes de ampliar el repositorio."
OCR de edición digital fuera de la selección,Historia de la provincia de San Nicolás de Tolentino,1080027706_50_unlocked.txt,Manuscritos/Colección Digital UANL/Basalenque_Historia/Libro Segundo/1080027706_50_unlocked.txt,Revisar condiciones de reutilización de la digitalización UANL y procedencia del OCR.,"Verificar procedencia, estado textual y derechos antes de ampliar el repositorio."
OCR de edición digital fuera de la selección,Historia de la provincia de San Nicolás de Tolentino,1080027706_53_unlocked.txt,Manuscritos/Colección Digital UANL/Basalenque_Historia/Libro Segundo/1080027706_53_unlocked.txt,Revisar condiciones de reutilización de la digitalización UANL y procedencia del OCR.,"Verificar procedencia, estado textual y derechos antes de ampliar el repositorio."
OCR de edición digital fuera de la selección,Historia de la provincia de San Nicolás de Tolentino,1080027706_63_unlocked.txt,Manuscritos/Colección Digital UANL/Basalenque_Historia/Libro Segundo/1080027706_63_unlocked.txt,Revisar condiciones de reutilización de la digitalización UANL y procedencia del OCR.,"Verificar procedencia, estado textual y derechos antes de ampliar el repositorio."
OCR de edición digital fuera de la selección,Historia de la provincia de San Nicolás de Tolentino,1080027706_57_unlocked.txt,Manuscritos/Colección Digital UANL/Basalenque_Historia/Libro Segundo/1080027706_57_unlocked.txt,Revisar condiciones de reutilización de la digitalización UANL y procedencia del OCR.,"Verificar procedencia, estado textual y derechos antes de ampliar el repositorio."
OCR de edición digital fuera de la selección,Historia de la provincia de San Nicolás de Tolentino,1080027706_42_unlocked.txt,Manuscritos/Colección Digital UANL/Basalenque_Historia/Libro Segundo/1080027706_42_unlocked.txt,Revisar condiciones de reutilización de la digitalización UANL y procedencia del OCR.,"Verificar procedencia, estado textual y derechos antes de ampliar el repositorio."
OCR de edición digital fuera de la selección,Historia de la provincia de San Nicolás de Tolentino,1080027706_59_unlocked copia.txt,Manuscritos/Colección Digital UANL/Basalenque_Historia/Libro Segundo/1080027706_59_unlocked copia.txt,Revisar condiciones de reutilización de la digitalización UANL y procedencia del OCR.,"Verificar procedencia, estado textual y derechos antes de ampliar el repositorio."
OCR de edición digital fuera de la selección,Historia de la provincia de San Nicolás de Tolentino,1080027706_46_unlocked.txt,Manuscritos/Colección Digital UANL/Basalenque_Historia/Libro Segundo/1080027706_46_unlocked.txt,Revisar condiciones de reutilización de la digitalización UANL y procedencia del OCR.,"Verificar procedencia, estado textual y derechos antes de ampliar el repositorio."
OCR de edición digital fuera de la selección,Historia de la provincia de San Nicolás de Tolentino,1080027706_36_unlocked.txt,Manuscritos/Colección Digital UANL/Basalenque_Historia/Libro Primero/1080027706_36_unlocked.txt,Revisar condiciones de reutilización de la digitalización UANL y procedencia del OCR.,"Verificar procedencia, estado textual y derechos antes de ampliar el repositorio."
OCR de edición digital fuera de la selección,Historia de la provincia de San Nicolás de Tolentino,1080027706_32_unlocked.txt,Manuscritos/Colección Digital UANL/Basalenque_Historia/Libro Primero/1080027706_32_unlocked.txt,Revisar condiciones de reutilización de la digitalización UANL y procedencia del OCR.,"Verificar procedencia, estado textual y derechos antes de ampliar el repositorio."
OCR de edición digital fuera de la selección,Historia de la provincia de San Nicolás de Tolentino,1080027706_06_unlocked.txt,Manuscritos/Colección Digital UANL/Basalenque_Historia/Libro Primero/1080027706_06_unlocked.txt,Revisar condiciones de reutilización de la digitalización UANL y procedencia del OCR.,"Verificar procedencia, estado textual y derechos antes de ampliar el repositorio."
OCR de edición digital fuera de la selección,Historia de la provincia de San Nicolás de Tolentino,1080027706_13_unlocked.txt,Manuscritos/Colección Digital UANL/Basalenque_Historia/Libro Primero/1080027706_13_unlocked.txt,Revisar condiciones de reutilización de la digitalización UANL y procedencia del OCR.,"Verificar procedencia, estado textual y derechos antes de ampliar el repositorio."
OCR de edición digital fuera de la selección,Historia de la provincia de San Nicolás de Tolentino,1080027706_27_unlocked.txt,Manuscritos/Colección Digital UANL/Basalenque_Historia/Libro Primero/1080027706_27_unlocked.txt,Revisar condiciones de reutilización de la digitalización UANL y procedencia del OCR.,"Verificar procedencia, estado textual y derechos antes de ampliar el repositorio."
OCR de edición digital fuera de la selección,Historia de la provincia de San Nicolás de Tolentino,1080027706_23_unlocked.txt,Manuscritos/Colección Digital UANL/Basalenque_Historia/Libro Primero/1080027706_23_unlocked.txt,Revisar condiciones de reutilización de la digitalización UANL y procedencia del OCR.,"Verificar procedencia, estado textual y derechos antes de ampliar el repositorio."
OCR de edición digital fuera de la selección,Historia de la provincia de San Nicolás de Tolentino,1080027706_17_unlocked.txt,Manuscritos/Colección Digital UANL/Basalenque_Historia/Libro Primero/1080027706_17_unlocked.txt,Revisar condiciones de reutilización de la digitalización UANL y procedencia del OCR.,"Verificar procedencia, estado textual y derechos antes de ampliar el repositorio."
OCR de edición digital fuera de la selección,Historia de la provincia de San Nicolás de Tolentino,1080027706_14_unlocked.txt,Manuscritos/Colección Digital UANL/Basalenque_Historia/Libro Primero/1080027706_14_unlocked.txt,Revisar condiciones de reutilización de la digitalización UANL y procedencia del OCR.,"Verificar procedencia, estado textual y derechos antes de ampliar el repositorio."
OCR de edición digital fuera de la selección,Historia de la provincia de San Nicolás de Tolentino,1080027706_09_unlocked.txt,Manuscritos/Colección Digital UANL/Basalenque_Historia/Libro Primero/1080027706_09_unlocked.txt,Revisar condiciones de reutilización de la digitalización UANL y procedencia del OCR.,"Verificar procedencia, estado textual y derechos antes de ampliar el repositorio."
OCR de edición digital fuera de la selección,Historia de la provincia de San Nicolás de Tolentino,1080027706_20_unlocked.txt,Manuscritos/Colección Digital UANL/Basalenque_Historia/Libro Primero/1080027706_20_unlocked.txt,Revisar condiciones de reutilización de la digitalización UANL y procedencia del OCR.,"Verificar procedencia, estado textual y derechos antes de ampliar el repositorio."
OCR de edición digital fuera de la selección,Historia de la provincia de San Nicolás de Tolentino,1080027706_24_unlocked.txt,Manuscritos/Colección Digital UANL/Basalenque_Historia/Libro Primero/1080027706_24_unlocked.txt,Revisar condiciones de reutilización de la digitalización UANL y procedencia del OCR.,"Verificar procedencia, estado textual y derechos antes de ampliar el repositorio."
OCR de edición digital fuera de la selección,Historia de la provincia de San Nicolás de Tolentino,1080027706_10_unlocked.txt,Manuscritos/Colección Digital UANL/Basalenque_Historia/Libro Primero/1080027706_10_unlocked.txt,Revisar condiciones de reutilización de la digitalización UANL y procedencia del OCR.,"Verificar procedencia, estado textual y derechos antes de ampliar el repositorio."
OCR de edición digital fuera de la selección,Historia de la provincia de San Nicolás de Tolentino,1080027706_05_unlocked.txt,Manuscritos/Colección Digital UANL/Basalenque_Historia/Libro Primero/1080027706_05_unlocked.txt,Revisar condiciones de reutilización de la digitalización UANL y procedencia del OCR.,"Verificar procedencia, estado textual y derechos antes de ampliar el repositorio."
OCR de edición digital fuera de la selección,Historia de la provincia de San Nicolás de Tolentino,1080027706_31_unlocked.txt,Manuscritos/Colección Digital UANL/Basalenque_Historia/Libro Primero/1080027706_31_unlocked.txt,Revisar condiciones de reutilización de la digitalización UANL y procedencia del OCR.,"Verificar procedencia, estado textual y derechos antes de ampliar el repositorio."
OCR de edición digital fuera de la selección,Historia de la provincia de San Nicolás de Tolentino,1080027706_18_unlocked.txt,Manuscritos/Colección Digital UANL/Basalenque_Historia/Libro Primero/1080027706_18_unlocked.txt,Revisar condiciones de reutilización de la digitalización UANL y procedencia del OCR.,"Verificar procedencia, estado textual y derechos antes de ampliar el repositorio."
OCR de edición digital fuera de la selección,Historia de la provincia de San Nicolás de Tolentino,1080027706_35_unlocked.txt,Manuscritos/Colección Digital UANL/Basalenque_Historia/Libro Primero/1080027706_35_unlocked.txt,Revisar condiciones de reutilización de la digitalización UANL y procedencia del OCR.,"Verificar procedencia, estado textual y derechos antes de ampliar el repositorio."
OCR de edición digital fuera de la selección,Historia de la provincia de San Nicolás de Tolentino,1080027706_28_unlocked.txt,Manuscritos/Colección Digital UANL/Basalenque_Historia/Libro Primero/1080027706_28_unlocked.txt,Revisar condiciones de reutilización de la digitalización UANL y procedencia del OCR.,"Verificar procedencia, estado textual y derechos antes de ampliar el repositorio."
OCR de edición digital fuera de la selección,Historia de la provincia de San Nicolás de Tolentino,1080027706_07_unlocked.txt,Manuscritos/Colección Digital UANL/Basalenque_Historia/Libro Primero/1080027706_07_unlocked.txt,Revisar condiciones de reutilización de la digitalización UANL y procedencia del OCR.,"Verificar procedencia, estado textual y derechos antes de ampliar el repositorio."
OCR de edición digital fuera de la selección,Historia de la provincia de San Nicolás de Tolentino,1080027706_33_unlocked.txt,Manuscritos/Colección Digital UANL/Basalenque_Historia/Libro Primero/1080027706_33_unlocked.txt,Revisar condiciones de reutilización de la digitalización UANL y procedencia del OCR.,"Verificar procedencia, estado textual y derechos antes de ampliar el repositorio."
OCR de edición digital fuera de la selección,Historia de la provincia de San Nicolás de Tolentino,1080027706_37_unlocked.txt,Manuscritos/Colección Digital UANL/Basalenque_Historia/Libro Primero/1080027706_37_unlocked.txt,Revisar condiciones de reutilización de la digitalización UANL y procedencia del OCR.,"Verificar procedencia, estado textual y derechos antes de ampliar el repositorio."
OCR de edición digital fuera de la selección,Historia de la provincia de San Nicolás de Tolentino,1080027706_16_unlocked.txt,Manuscritos/Colección Digital UANL/Basalenque_Historia/Libro Primero/1080027706_16_unlocked.txt,Revisar condiciones de reutilización de la digitalización UANL y procedencia del OCR.,"Verificar procedencia, estado textual y derechos antes de ampliar el repositorio."
OCR de edición digital fuera de la selección,Historia de la provincia de San Nicolás de Tolentino,1080027706_22_unlocked.txt,Manuscritos/Colección Digital UANL/Basalenque_Historia/Libro Primero/1080027706_22_unlocked.txt,Revisar condiciones de reutilización de la digitalización UANL y procedencia del OCR.,"Verificar procedencia, estado textual y derechos antes de ampliar el repositorio."
OCR de edición digital fuera de la selección,Historia de la provincia de San Nicolás de Tolentino,1080027706_26_unlocked.txt,Manuscritos/Colección Digital UANL/Basalenque_Historia/Libro Primero/1080027706_26_unlocked.txt,Revisar condiciones de reutilización de la digitalización UANL y procedencia del OCR.,"Verificar procedencia, estado textual y derechos antes de ampliar el repositorio."
OCR de edición digital fuera de la selección,Historia de la provincia de San Nicolás de Tolentino,1080027706_12_unlocked.txt,Manuscritos/Colección Digital UANL/Basalenque_Historia/Libro Primero/1080027706_12_unlocked.txt,Revisar condiciones de reutilización de la digitalización UANL y procedencia del OCR.,"Verificar procedencia, estado textual y derechos antes de ampliar el repositorio."
OCR de edición digital fuera de la selección,Historia de la provincia de San Nicolás de Tolentino,1080027706_11_unlocked.txt,Manuscritos/Colección Digital UANL/Basalenque_Historia/Libro Primero/1080027706_11_unlocked.txt,Revisar condiciones de reutilización de la digitalización UANL y procedencia del OCR.,"Verificar procedencia, estado textual y derechos antes de ampliar el repositorio."
OCR de edición digital fuera de la selección,Historia de la provincia de San Nicolás de Tolentino,1080027706_38_unlocked.txt,Manuscritos/Colección Digital UANL/Basalenque_Historia/Libro Primero/1080027706_38_unlocked.txt,Revisar condiciones de reutilización de la digitalización UANL y procedencia del OCR.,"Verificar procedencia, estado textual y derechos antes de ampliar el repositorio."
OCR de edición digital fuera de la selección,Historia de la provincia de San Nicolás de Tolentino,1080027706_25_unlocked.txt,Manuscritos/Colección Digital UANL/Basalenque_Historia/Libro Primero/1080027706_25_unlocked.txt,Revisar condiciones de reutilización de la digitalización UANL y procedencia del OCR.,"Verificar procedencia, estado textual y derechos antes de ampliar el repositorio."
OCR de edición digital fuera de la selección,Historia de la provincia de San Nicolás de Tolentino,1080027706_21_unlocked.txt,Manuscritos/Colección Digital UANL/Basalenque_Historia/Libro Primero/1080027706_21_unlocked.txt,Revisar condiciones de reutilización de la digitalización UANL y procedencia del OCR.,"Verificar procedencia, estado textual y derechos antes de ampliar el repositorio."
OCR de edición digital fuera de la selección,Historia de la provincia de San Nicolás de Tolentino,1080027706_08_unlocked.txt,Manuscritos/Colección Digital UANL/Basalenque_Historia/Libro Primero/1080027706_08_unlocked.txt,Revisar condiciones de reutilización de la digitalización UANL y procedencia del OCR.,"Verificar procedencia, estado textual y derechos antes de ampliar el repositorio."
OCR de edición digital fuera de la selección,Historia de la provincia de San Nicolás de Tolentino,1080027706_15_unlocked.txt,Manuscritos/Colección Digital UANL/Basalenque_Historia/Libro Primero/1080027706_15_unlocked.txt,Revisar condiciones de reutilización de la digitalización UANL y procedencia del OCR.,"Verificar procedencia, estado textual y derechos antes de ampliar el repositorio."
OCR de edición digital fuera de la selección,Historia de la provincia de San Nicolás de Tolentino,1080027706_29_unlocked.txt,Manuscritos/Colección Digital UANL/Basalenque_Historia/Libro Primero/1080027706_29_unlocked.txt,Revisar condiciones de reutilización de la digitalización UANL y procedencia del OCR.,"Verificar procedencia, estado textual y derechos antes de ampliar el repositorio."
OCR de edición digital fuera de la selección,Historia de la provincia de San Nicolás de Tolentino,1080027706_34_unlocked.txt,Manuscritos/Colección Digital UANL/Basalenque_Historia/Libro Primero/1080027706_34_unlocked.txt,Revisar condiciones de reutilización de la digitalización UANL y procedencia del OCR.,"Verificar procedencia, estado textual y derechos antes de ampliar el repositorio."
OCR de edición digital fuera de la selección,Historia de la provincia de San Nicolás de Tolentino,1080027706_19_unlocked.txt,Manuscritos/Colección Digital UANL/Basalenque_Historia/Libro Primero/1080027706_19_unlocked.txt,Revisar condiciones de reutilización de la digitalización UANL y procedencia del OCR.,"Verificar procedencia, estado textual y derechos antes de ampliar el repositorio."
OCR de edición digital fuera de la selección,Historia de la provincia de San Nicolás de Tolentino,1080027706_30_unlocked.txt,Manuscritos/Colección Digital UANL/Basalenque_Historia/Libro Primero/1080027706_30_unlocked.txt,Revisar condiciones de reutilización de la digitalización UANL y procedencia del OCR.,"Verificar procedencia, estado textual y derechos antes de ampliar el repositorio."
OCR de edición digital fuera de la selección,Historia de la provincia de San Nicolás de Tolentino,1080027706_04_unlocked.txt,Manuscritos/Colección Digital UANL/Basalenque_Historia/Libro Primero/1080027706_04_unlocked.txt,Revisar condiciones de reutilización de la digitalización UANL y procedencia del OCR.,"Verificar procedencia, estado textual y derechos antes de ampliar el repositorio."
OCR de edición digital fuera de la selección,Historia de la provincia de San Nicolás de Tolentino,1080027706_01_unlocked.txt,Manuscritos/Colección Digital UANL/Basalenque_Historia/Preliminares/1080027706_01_unlocked.txt,Revisar condiciones de reutilización de la digitalización UANL y procedencia del OCR.,"Verificar procedencia, estado textual y derechos antes de ampliar el repositorio."
OCR de edición digital fuera de la selección,Historia de la provincia de San Nicolás de Tolentino,1080027706_02_unlocked.txt,Manuscritos/Colección Digital UANL/Basalenque_Historia/Preliminares/1080027706_02_unlocked.txt,Revisar condiciones de reutilización de la digitalización UANL y procedencia del OCR.,"Verificar procedencia, estado textual y derechos antes de ampliar el repositorio."
OCR de edición digital fuera de la selección,Historia de la provincia de San Nicolás de Tolentino,1080027706_03_unlocked.txt,Manuscritos/Colección Digital UANL/Basalenque_Historia/Preliminares/1080027706_03_unlocked.txt,Revisar condiciones de reutilización de la digitalización UANL y procedencia del OCR.,"Verificar procedencia, estado textual y derechos antes de ampliar el repositorio."
