id_documento,institucion,signatura,fecha_documento,fojas,archivo_texto_anotado,archivo_anotaciones,archivo_leyenda,registros_anotacion,formato_exportacion,transcripcion_principal,relacion_con_transcripcion,autor_anotaciones,estado_revision,estado_derechos,ruta_origen_relativa,observaciones
AGI_Mechoacan_(Cuiseo),Archivo General de Indias,"INDIFERENTE,1529,N.6",1571-02-15,,anotaciones/AGI/Michoacan (Cuitzeo).plain.html,anotaciones/AGI/Michoacan (Cuitzeo).ann.json,anotaciones/AGI/annotations-legend.json,192,HTML + objeto .ann.json,transcripciones/AGI/Mechoacan_(Cuiseo).txt,mismo documento identificado; versión textual distinta o formato diferente,Rodrigo Vega Sánchez,anotaciones presentes; cobertura y precisión no verificadas,pendiente de revisión para difusión pública,Área de trabajo 3 NER y anotacion/Corpus_anotado/AGI_26_Indiferente_1529N6_GTA/GTA_Documents/Michoacan (Cuitzeo).plain.html,Los anclajes se refieren al texto asociado a esta exportación; no aplicarlos directamente a transcripcion_principal. Signatura del conjunto documentada por la carpeta AGI_26_Indiferente_1529N6_GTA; foliación individual por cotejar.
AGI_Mechoacan_(Guayangareo),Archivo General de Indias,"INDIFERENTE,1529,N.6",c. 1571,,anotaciones/AGI/Michoacan (Guayangareo).plain.html,anotaciones/AGI/Michoacan (Guayangareo).ann.json,anotaciones/AGI/annotations-legend.json,117,HTML + objeto .ann.json,transcripciones/AGI/Mechoacan_(Guayangareo).txt,mismo documento identificado; versión textual distinta o formato diferente,Rodrigo Vega Sánchez,anotaciones presentes; cobertura y precisión no verificadas,pendiente de revisión para difusión pública,Área de trabajo 3 NER y anotacion/Corpus_anotado/AGI_26_Indiferente_1529N6_GTA/GTA_Documents/Michoacan (Guayangareo).plain.html,Los anclajes se refieren al texto asociado a esta exportación; no aplicarlos directamente a transcripcion_principal. Signatura del conjunto documentada por la carpeta AGI_26_Indiferente_1529N6_GTA; foliación individual por cotejar.
AGI_Mechoacan_(Yurirapundaro),Archivo General de Indias,"INDIFERENTE,1529,N.6",1571-03,,anotaciones/AGI/Michoacan (Yuririapundaro).plain.html,anotaciones/AGI/Michoacan (Yuririapundaro).ann.json,anotaciones/AGI/annotations-legend.json,151,HTML + objeto .ann.json,transcripciones/AGI/Mechoacan_(Yurirapundaro).txt,mismo documento identificado; versión textual distinta o formato diferente,Rodrigo Vega Sánchez,anotaciones presentes; cobertura y precisión no verificadas,pendiente de revisión para difusión pública,Área de trabajo 3 NER y anotacion/Corpus_anotado/AGI_26_Indiferente_1529N6_GTA/GTA_Documents/Michoacan (Yuririapundaro).plain.html,Los anclajes se refieren al texto asociado a esta exportación; no aplicarlos directamente a transcripcion_principal. Signatura del conjunto documentada por la carpeta AGI_26_Indiferente_1529N6_GTA; foliación individual por cotejar.
AGN_GralPte_v001_exp1118,Archivo General de la Nación (México),v001 / exp. 1118,1576-07-07,212r–212v,anotaciones/AGN/AGN_GralPte_v001_exp1118.txt,anotaciones/AGN/AGN_GralPte_v001_exp1118.ann.json,anotaciones/AGN/annotations-legend.json,85,TXT + lista .ann.json,transcripciones/AGN/General_de_Parte/AGN_GralPte_v001_exp1118_HTR.txt,mismo documento identificado; versión textual distinta o formato diferente,Rodrigo Vega Sánchez,anotaciones presentes; cobertura y precisión no verificadas,pendiente de revisión para difusión pública,Área de trabajo 3 NER y anotacion/Corpus_anotado/data_ANN_export_anotations/ANN_Documents/AGN_GralPte_v001_exp1118.txt,Los anclajes se refieren al texto asociado a esta exportación; no aplicarlos directamente a transcripcion_principal.
AGN_Indios_v002_exp824,Archivo General de la Nación (México),v002 / exp. 824,1583,188r,anotaciones/AGN/AGN_Indios_v002_exp824.txt,anotaciones/AGN/AGN_Indios_v002_exp824.ann.json,anotaciones/AGN/annotations-legend.json,58,TXT + lista .ann.json,transcripciones/AGN/Indios/AGN_Indios_v002_exp824.txt,mismo documento identificado; versión textual distinta o formato diferente,Rodrigo Vega Sánchez,anotaciones presentes; cobertura y precisión no verificadas,pendiente de revisión para difusión pública,Área de trabajo 3 NER y anotacion/Corpus_anotado/data_ANN_export_anotations/ANN_Documents/AGN_Indios_v002_exp824.txt,Los anclajes se refieren al texto asociado a esta exportación; no aplicarlos directamente a transcripcion_principal.
AGN_GralPte_v063_exp262,Archivo General de la Nación (México),v063 / exp. 262,1782,234r–235v,anotaciones/AGN/AGN_GralPte_v063_exp262.txt,anotaciones/AGN/AGN_GralPte_v063_exp262.ann.json,anotaciones/AGN/annotations-legend.json,306,TXT + lista .ann.json,transcripciones/AGN/General_de_Parte/AGN_GralPte_v063_exp262_HTR.txt,mismo documento identificado; versión textual distinta o formato diferente,Rodrigo Vega Sánchez,anotaciones presentes; cobertura y precisión no verificadas,pendiente de revisión para difusión pública,Área de trabajo 3 NER y anotacion/Corpus_anotado/data_ANN_export_anotations/ANN_Documents/AGN_GralPte_v063_exp262.txt,Los anclajes se refieren al texto asociado a esta exportación; no aplicarlos directamente a transcripcion_principal.
AGN_Indios_v017_exp11,Archivo General de la Nación (México),v017 / exp. 11,1654,26r–26v según imágenes; 25 según ficha,anotaciones/AGN/AGN_Indios_v017_exp11.txt,anotaciones/AGN/AGN_Indios_v017_exp11.ann.json,anotaciones/AGN/annotations-legend.json,92,TXT + lista .ann.json,transcripciones/AGN/Indios/AGN_Indios_v017_exp11.txt,mismo documento identificado; versión textual distinta o formato diferente,Rodrigo Vega Sánchez,anotaciones presentes; cobertura y precisión no verificadas,pendiente de revisión para difusión pública,Área de trabajo 3 NER y anotacion/Corpus_anotado/data_ANN_export_anotations/ANN_Documents/AGN_Indios_v017_exp11.txt,Los anclajes se refieren al texto asociado a esta exportación; no aplicarlos directamente a transcripcion_principal.
AGN_GralPte_v002_exp56,Archivo General de la Nación (México),v002 / exp. 56,1579-07-16,12v,anotaciones/AGN/AGN_GralPte_v002_exp56.txt,anotaciones/AGN/AGN_GralPte_v002_exp56.ann.json,anotaciones/AGN/annotations-legend.json,52,TXT + lista .ann.json,transcripciones/AGN/General_de_Parte/AGN_GralPte_v002_exp56_HTR.txt,mismo documento identificado; versión textual distinta o formato diferente,Rodrigo Vega Sánchez,anotaciones presentes; cobertura y precisión no verificadas,pendiente de revisión para difusión pública,Área de trabajo 3 NER y anotacion/Corpus_anotado/data_ANN_export_anotations/ANN_Documents/AGN_GralPte_v002_exp56.txt,Los anclajes se refieren al texto asociado a esta exportación; no aplicarlos directamente a transcripcion_principal.
AGN_Indios_v002_exp823,Archivo General de la Nación (México),v002 / exp. 823,1583,187v–188r,anotaciones/AGN/AGN_Indios_v002_exp823.txt,anotaciones/AGN/AGN_Indios_v002_exp823.ann.json,anotaciones/AGN/annotations-legend.json,59,TXT + lista .ann.json,transcripciones/AGN/Indios/AGN_Indios_v002_exp823.txt,mismo documento identificado; versión textual distinta o formato diferente,Rodrigo Vega Sánchez,anotaciones presentes; cobertura y precisión no verificadas,pendiente de revisión para difusión pública,Área de trabajo 3 NER y anotacion/Corpus_anotado/data_ANN_export_anotations/ANN_Documents/AGN_Indios_v002_exp823.txt,Los anclajes se refieren al texto asociado a esta exportación; no aplicarlos directamente a transcripcion_principal.
AGN_GralPte_v001_exp1119,Archivo General de la Nación (México),v001 / exp. 1119,1576-07-07,212v,anotaciones/AGN/AGN_GralPte_v001_exp1119.txt,anotaciones/AGN/AGN_GralPte_v001_exp1119.ann.json,anotaciones/AGN/annotations-legend.json,53,TXT + lista .ann.json,transcripciones/AGN/General_de_Parte/AGN_GralPte_v001_exp1119_HTR.txt,mismo documento identificado; versión textual distinta o formato diferente,Rodrigo Vega Sánchez,anotaciones presentes; cobertura y precisión no verificadas,pendiente de revisión para difusión pública,Área de trabajo 3 NER y anotacion/Corpus_anotado/data_ANN_export_anotations/ANN_Documents/AGN_GralPte_v001_exp1119.txt,Los anclajes se refieren al texto asociado a esta exportación; no aplicarlos directamente a transcripcion_principal.
AGN_Indios_v006_exp44,Archivo General de la Nación (México),v006 / exp. 44,1592,10v,anotaciones/AGN/AGN_Indios_v006_exp44.txt,anotaciones/AGN/AGN_Indios_v006_exp44.ann.json,anotaciones/AGN/annotations-legend.json,66,TXT + lista .ann.json,transcripciones/AGN/Indios/AGN_Indios_v006_exp44.txt,mismo documento identificado; versión textual distinta o formato diferente,Rodrigo Vega Sánchez,anotaciones presentes; cobertura y precisión no verificadas,pendiente de revisión para difusión pública,Área de trabajo 3 NER y anotacion/Corpus_anotado/data_ANN_export_anotations/ANN_Documents/AGN_Indios_v006_exp44.txt,Los anclajes se refieren al texto asociado a esta exportación; no aplicarlos directamente a transcripcion_principal.
AGN_Indios_v006_pte2_exp393,Archivo General de la Nación (México),v006 / 2.ª parte / exp. 393,1592,88r–88v,anotaciones/AGN/AGN_Indios_v006_pte2_exp393.txt,anotaciones/AGN/AGN_Indios_v006_pte2_exp393.ann.json,anotaciones/AGN/annotations-legend.json,53,TXT + lista .ann.json,transcripciones/AGN/Indios/AGN_Indios_v006_pte2_exp393.txt,igualdad byte a byte,Rodrigo Vega Sánchez,anotaciones presentes; cobertura y precisión no verificadas,pendiente de revisión para difusión pública,Área de trabajo 3 NER y anotacion/Corpus_anotado/data_ANN_export_anotations/ANN_Documents/AGN_Indios_v006_pte2_exp393.txt,Los anclajes se refieren al texto asociado a esta exportación; no aplicarlos directamente a transcripcion_principal.
AGN_Indios_v003_exp389,Archivo General de la Nación (México),v003 / exp. 389,1591,91r,anotaciones/AGN/AGN_Indios_v003_exp389.txt,anotaciones/AGN/AGN_Indios_v003_exp389.ann.json,anotaciones/AGN/annotations-legend.json,39,TXT + lista .ann.json,transcripciones/AGN/Indios/AGN_Indios_v003_exp389.txt,mismo documento identificado; versión textual distinta o formato diferente,Rodrigo Vega Sánchez,anotaciones presentes; cobertura y precisión no verificadas,pendiente de revisión para difusión pública,Área de trabajo 3 NER y anotacion/Corpus_anotado/data_ANN_export_anotations/ANN_Documents/AGN_Indios_v003_exp389.txt,Los anclajes se refieren al texto asociado a esta exportación; no aplicarlos directamente a transcripcion_principal.
AGN_Indios_v010_cuad_2_exp68,Archivo General de la Nación (México),v010 / cuad. 2 / exp. 68,1631-05-31,223r,anotaciones/AGN/AGN_Indios_v010_cuad_2_exp68.txt,anotaciones/AGN/AGN_Indios_v010_cuad_2_exp68.ann.json,anotaciones/AGN/annotations-legend.json,83,TXT + lista .ann.json,transcripciones/AGN/Indios/AGN_Indios_v010_cuad_2_exp68.txt,mismo documento identificado; versión textual distinta o formato diferente,Rodrigo Vega Sánchez,anotaciones presentes; cobertura y precisión no verificadas,pendiente de revisión para difusión pública,Área de trabajo 3 NER y anotacion/Corpus_anotado/data_ANN_export_anotations/ANN_Documents/AGN_Indios_v010_cuad_2_exp68.txt,Los anclajes se refieren al texto asociado a esta exportación; no aplicarlos directamente a transcripcion_principal.
1619_Carta de Baltasar de Covarrubias,Biblioteca del Palacio Real,Ms. 2579,1619-09-20,1r–24v según transcripción,anotaciones/Yuriria_generales/1619_Carta de Baltasar de Covarrubias.plain.html,anotaciones/Yuriria_generales/1619_Carta de Baltasar de Covarrubias.ann.json,anotaciones/Yuriria_generales/annotations-legend.json,2749,HTML + objeto .ann.json,,fuente no incorporada al inventario de 42 TXT principales,Rodrigo Vega Sánchez,"anotaciones presentes; anclajes verificados, cobertura y pertinencia de etiquetas no revisadas",pendiente de revisión para difusión pública,Área de trabajo 3 NER y anotacion/Corpus_anotado/ANNOTATOR_2026-07-13T11_19_11_794Z_data_export/data_ANN_export_anotations/ANN_Documents/1619_Carta de Baltasar de Covarrubias.plain.html,El texto asociado a las anotaciones coincide con la versión legible antes presente en esta exportación; confirmar referencia institucional y condiciones de reutilización. El HTML conserva siete saltos de página U+000C.
BNE_BNE_ms3047,Biblioteca Nacional de España,ms. 3047,c. 1638,,anotaciones/Yuriria_generales/1638_Descrip_Garcia_de_Avalos.plain.html,anotaciones/Yuriria_generales/1638_Descrip_Garcia_de_Avalos.ann.json,anotaciones/Yuriria_generales/annotations-legend.json,578,HTML + objeto .ann.json,transcripciones/BNE/BNE_ms3047.txt,"misma obra; versión textual distinta, cotejo pendiente",Rodrigo Vega Sánchez,"anotaciones presentes; anclajes verificados, cobertura y pertinencia de etiquetas no revisadas",pendiente de revisión para difusión pública,Área de trabajo 3 NER y anotacion/Corpus_anotado/ANNOTATOR_2026-07-13T11_19_11_794Z_data_export/data_ANN_export_anotations/ANN_Documents/1638_Descrip_Garcia_de_Avalos.plain.html,Misma obra y manuscrito que el TXT principal; la versión anotada corresponde al TXT legible de la raíz de Manuscritos. Falta cotejarla con la exportación BNE del repositorio.
1639_Relacion_Ortega_Valdivia,Newberry Library,Ayer Ms. 1106 C3,1639,,anotaciones/Yuriria_generales/1639_Relacion_Ortega_Valdivia.plain.html,anotaciones/Yuriria_generales/1639_Relacion_Ortega_Valdivia.ann.json,anotaciones/Yuriria_generales/annotations-legend.json,1669,HTML + objeto .ann.json,,fuente no incorporada al inventario de 42 TXT principales,Rodrigo Vega Sánchez,"anotaciones presentes; anclajes verificados, cobertura y pertinencia de etiquetas no revisadas",pendiente de revisión para difusión pública,Área de trabajo 3 NER y anotacion/Corpus_anotado/ANNOTATOR_2026-07-13T11_19_11_794Z_data_export/data_ANN_export_anotations/ANN_Documents/1639_Relacion_Ortega_Valdivia.plain.html,"El texto asociado a las anotaciones coincide con la versión antes presente en esta exportación; confirmar signatura precisa, atribución y condiciones de reutilización."
1649_Demarcación_YSASSY,Newberry Library,Ayer Ms. 1106 C3,1649-04-25,,anotaciones/Yuriria_generales/1649_Demarcación_YSASSY.plain.html,anotaciones/Yuriria_generales/1649_Demarcación_YSASSY.ann.json.gz,anotaciones/Yuriria_generales/annotations-legend.json,9632,HTML + objeto .ann.json comprimido en GZIP,,fuente no incorporada al inventario de 42 TXT principales,Rodrigo Vega Sánchez,"anotaciones presentes; anclajes verificados, cobertura y pertinencia de etiquetas no revisadas",pendiente de revisión para difusión pública,Área de trabajo 3 NER y anotacion/Corpus_anotado/ANNOTATOR_2026-07-13T11_19_11_794Z_data_export/data_ANN_export_anotations/ANN_Documents/1649_Demarcación_YSASSY.plain.html,"El texto asociado a las anotaciones coincide con la versión antes presente en esta exportación; confirmar signatura precisa, atribución y condiciones de reutilización. El JSON de esta exportación se conserva comprimido sin pérdida en el repositorio; al descomprimir se recupera exactamente el archivo de Dropbox."
